t,x,y
1773820421.6020417,0.0,0.0
1773820421.6373656,0.0,0.0
1773820421.6716022,0.0,0.0
1773820421.7060301,0.0,0.0
1773820421.7371461,0.0,0.0
1773820421.772315,0.0,0.0
1773820421.8021324,0.0,0.0
1773820421.8373923,0.0,0.0
1773820421.871567,0.0,0.0
1773820421.9058635,0.0,0.0
1773820421.9368367,0.0,0.0
1773820421.9721243,0.0,0.0
1773820422.0010662,0.0,0.0
1773820422.0369878,0.0,0.0
1773820422.071676,0.0,0.0
1773820422.1018429,0.0,0.0
1773820422.1374862,0.0,0.0
1773820422.1719184,0.0,0.0
1773820422.2019231,0.0,0.0
1773820422.2373035,0.0,0.0
1773820422.2715917,0.0,0.0
1773820422.3058712,0.0,0.0
1773820422.3369248,0.0,0.0
1773820422.3723714,0.0,0.0
1773820422.4020357,0.0,0.0
1773820422.437369,0.0,0.0
1773820422.4724486,0.0,0.0
1773820422.5060067,0.0,0.0
1773820422.536584,0.0,0.0
1773820422.5720549,0.0,0.0
1773820422.6019492,0.0,0.0
1773820422.6373172,0.0,0.0
1773820422.6716096,0.0,0.0
1773820422.7015772,0.0,0.0
1773820422.737023,0.0,0.0
1773820422.7722886,0.0,0.0
1773820422.8022642,0.0,0.0
1773820422.8365993,0.0,0.0
1773820422.8720927,0.0,0.0
1773820422.9019496,0.0,0.0
1773820422.9373977,0.0,0.0
1773820422.9725263,0.0,0.0
1773820423.0023894,0.0,0.0
1773820423.0366533,0.0,0.0
1773820423.071997,0.0,0.0
1773820423.1020312,0.0,0.0
1773820423.137298,0.0,0.0
1773820423.1725786,0.0,0.0
1773820423.205836,0.0,0.0
1773820423.2369847,0.0,0.0
1773820423.2723138,0.0,0.0
1773820423.3023412,0.0,0.0
1773820423.3366263,0.0,0.0
1773820423.372016,0.0,0.0
1773820423.4021716,0.0,0.0
1773820423.437692,0.0,0.0
1773820423.47217,0.0,0.0
1773820423.5021577,0.0,0.0
1773820423.537212,0.0,0.0
1773820423.5724304,0.0,0.0
1773820423.6024156,0.0,0.0
1773820423.6367426,0.0,0.0
1773820423.6721616,0.0,0.0
1773820423.7023284,0.0,0.0
1773820423.7376077,0.0,0.0
1773820423.7722065,0.0,0.0
1773820423.8022437,0.0,0.0
1773820423.8374062,0.0,0.0
1773820423.8716927,0.0,0.0
1773820423.9024599,0.0,0.0
1773820423.9367888,0.0,0.0
1773820423.972035,0.0,0.0
1773820424.001987,0.0,0.0
1773820424.0377023,0.0,0.0
1773820424.0721436,0.0,0.0
1773820424.1021671,0.0,0.0
1773820424.1375952,0.0,0.0
1773820424.1722157,0.0,0.0
1773820424.2022078,0.0,0.0
1773820424.237559,0.0,0.0
1773820424.2719338,0.0,0.0
1773820424.306083,0.0,0.0
1773820424.337524,0.0,0.0
1773820424.3721168,0.0,0.0
1773820424.4021564,0.0,0.0
1773820424.4377422,0.0,0.0
1773820424.471828,0.0,0.0
1773820424.5060296,0.0,0.0
1773820424.536893,0.0,0.0
1773820424.5722027,0.0,0.0
1773820424.602384,0.0,0.0
1773820424.6378362,0.0,0.0
1773820424.6721272,0.0,0.0
1773820424.7020888,0.0,0.0
1773820424.737256,0.0,0.0
1773820424.771643,0.0,0.0
1773820424.8058934,0.0,0.0
1773820424.8369303,0.0,0.0
1773820424.8724105,0.0,0.0
1773820424.9057908,0.0,0.0
1773820424.9369888,0.0,0.0
1773820424.9723206,0.0,0.0
1773820425.002042,0.0,0.0
1773820425.0375547,0.0,0.0
1773820425.0724063,0.0,0.0
1773820425.1057885,0.0,0.0
1773820425.1370375,0.0,0.0
1773820425.171865,0.0,0.0
1773820425.2021194,0.0,0.0
1773820425.2374969,0.0,0.0
1773820425.2719007,0.0,0.0
1773820425.302314,0.0,0.0
1773820425.3372273,0.0,0.0
1773820425.3724072,0.0,0.0
1773820425.405889,0.0,0.0
1773820425.4368982,0.0,0.0
1773820425.47222,0.0,0.0
1773820425.502415,0.0,0.0
1773820425.537785,0.0,0.0
1773820425.5721066,0.0,0.0
1773820425.6021807,0.0,0.0
1773820425.637588,0.0,0.0
1773820425.6717992,0.0,0.0
1773820425.7020288,0.0,0.0
1773820425.7375336,0.0,0.0
1773820425.771884,0.0,0.0
1773820425.801885,0.0,0.0
1773820425.8388853,0.0,0.0
1773820425.8719537,0.0,0.0
1773820425.9059215,0.0,0.0
1773820425.9367843,0.0,0.0
1773820425.9717572,0.0,0.0
1773820426.0028288,0.0,0.0
1773820426.0371232,0.0,0.0
1773820426.0724335,0.0,0.0
1773820426.1025622,0.0,0.0
1773820426.1378314,0.0,0.0
1773820426.1719751,0.0,0.0
1773820426.202041,0.0,0.0
1773820426.2378142,0.0,0.0
1773820426.271896,0.0,0.0
1773820426.3018222,0.0,0.0
1773820426.337244,0.0,0.0
1773820426.371834,0.0,0.0
1773820426.402013,0.0,0.0
1773820426.4373953,0.0,0.0
1773820426.471696,0.0,0.0
1773820426.5058959,0.0,0.0
1773820426.5370195,0.0,0.0
1773820426.5721667,0.0,0.0
1773820426.6021774,0.0,0.0
1773820426.6369243,0.0,0.0
1773820426.6724389,0.0,0.0
1773820426.7059083,0.0,0.0
1773820426.737228,0.0,0.0
1773820426.7725618,0.0,0.0
1773820426.805679,0.0,0.0
1773820426.8377695,0.0,0.0
1773820426.8718886,0.0,0.0
1773820426.9020505,0.0,0.0
1773820426.9374607,0.0,0.0
1773820426.9717426,0.0,0.0
1773820427.0028641,0.012377505266216353,3.928233483439977e-05
1773820427.0373683,0.027487334540022845,-2.108640765169707e-05
1773820427.0725715,0.05251612429976202,-0.0001469298215193232
1773820427.1058276,0.07527145568745965,-0.00039319406132861924
1773820427.13695,0.09930886924346047,-0.0006374463826597094
1773820427.1720574,0.12606911495133175,-0.0010858375845246222
1773820427.202174,0.13709198655360855,-0.001355134321460047
1773820427.2377238,0.167211376066339,-0.0024178443727676225
1773820427.2721734,0.1985939169811772,-0.0035450539617659866
1773820427.3024318,0.22547352352842853,-0.004326523693358353
1773820427.3377292,0.25770562795179847,-0.005227108080727503
1773820427.3722386,0.285717968791218,-0.005811627854859726
1773820427.4022644,0.3115709852810751,-0.006371521943184836
1773820427.4375997,0.34783481432907554,-0.007527244858116248
1773820427.4707565,0.3865984882184536,-0.008790610343231465
1773820427.5019207,0.42412965052498064,-0.010043772638191091
1773820427.5373635,0.4627101094120138,-0.011408824093127302
1773820427.5725315,0.5019896422714076,-0.012508974867650659
1773820427.6059985,0.540703853809559,-0.013661174994941162
1773820427.6370249,0.5769935211784246,-0.014736906874790224
1773820427.6722932,0.6211753080328329,-0.01605262839075607
1773820427.7022913,0.658815189012409,-0.017156528596243815
1773820427.7376215,0.7090872361608592,-0.01852822213626914
1773820427.7709813,0.7590771622938761,-0.019639050606600227
1773820427.802956,0.8080391677819472,-0.020642230124043495
1773820427.8370693,0.8586327134327071,-0.021475608196163596
1773820427.8723927,0.9122408961028874,-0.0220733967284974
1773820427.9023507,0.9437466678157126,-0.022463567199375416
1773820427.9378676,0.9876638382692575,-0.02289687465331288
1773820427.9721363,1.0443295618346138,-0.02325160789868793
1773820428.0022316,1.0940168663623706,-0.02348869394611902
1773820428.0376582,1.153723131644374,-0.023811614822172762
1773820428.0708365,1.2053094502971544,-0.02394025261344234
1773820428.1019938,1.2551948071585455,-0.023695365318550102
1773820428.1375597,1.2970251675853728,-0.023299640973952134
1773820428.1708245,1.3403908365024748,-0.022901171398129458
1773820428.2020874,1.3931232943898282,-0.022138929581457845
1773820428.23759,1.453608488267664,-0.02099705476466154
1773820428.2708292,1.5119022046541202,-0.020141113645143625
1773820428.302999,1.5619528414306505,-0.019189961992585262
1773820428.3373532,1.6173066159788743,-0.01781840149670824
1773820428.3725824,1.6705680659513364,-0.016558654906678686
1773820428.4057584,1.7223263821955912,-0.015204932392304216
1773820428.4379115,1.778828973032764,-0.0134999012783517
1773820428.472028,1.8385988110027138,-0.01159413047662251
1773820428.501968,1.8917081131425444,-0.009805496322806197
1773820428.5373518,1.9447012889886306,-0.0079241457825749
1773820428.5726871,1.9992493522639496,-0.00578049063712866
1773820428.6060278,2.0467766365750215,-0.0039036933871055414
1773820428.6371083,2.0925332438372424,-0.0023076400444555054
1773820428.672402,2.1458309092885384,-0.0003940572089476399
1773820428.7023664,2.1912476128534237,0.0015054511741312761
1773820428.737589,2.2495312333403854,0.00399739755231118
1773820428.770686,2.3063941502181953,0.006571990386706265
1773820428.8029265,2.362529153319469,0.009245522574971271
1773820428.8371005,2.413685386765902,0.011817722361789188
1773820428.8724759,2.4684719123301306,0.014451372789863387
1773820428.9059253,2.506712202052487,0.01626304802676803
1773820428.9379773,2.547786989271473,0.018348227581653276
1773820428.972093,2.604941443485781,0.021068788932221087
1773820429.0022235,2.6577535899571227,0.02352317086192315
1773820429.037799,2.7210878759192005,0.02690429791959976
1773820429.0708394,2.7683869227264255,0.029360842711734884
1773820429.1023173,2.8157496561524598,0.03162235884865339
1773820429.1375957,2.871063077847065,0.03437288356876074
1773820429.170714,2.9229359783681805,0.036777467508271725
1773820429.2060277,2.9629274861049053,0.03858722957234185
1773820429.2371275,3.0149574678389386,0.04095080981529909
1773820429.272413,3.074813814008317,0.043401288076165355
1773820429.3023274,3.1171486817301037,0.04509219356299777
1773820429.3379564,3.170057813348866,0.04727666018749289
1773820429.3724277,3.2224512530325264,0.04935889297929013
1773820429.4024904,3.2681700411579,0.05110274273999936
1773820429.4381874,3.3232414122174188,0.05307494161614735
1773820429.4725757,3.3782736841257472,0.05515072888714865
1773820429.5029242,3.427330447250995,0.056997050986654876
1773820429.5375488,3.4768895454632034,0.058699181795015536
1773820429.57216,3.526953741219975,0.060365374098700866
1773820429.6021957,3.5706521707915573,0.06172021207654435
1773820429.6375806,3.6223253921845586,0.06309491028475918
1773820429.670894,3.674971353828565,0.06434666924872785
1773820429.7024295,3.724024831256679,0.06549744689297818
1773820429.7376661,3.7768866839213073,0.06658392300469188
1773820429.770671,3.831048720124935,0.06784577103438005
1773820429.8057895,3.8894919569257334,0.06918868643065744
1773820429.8380883,3.9379302779797842,0.06992477564878698
1773820429.8722286,3.9904804227419293,0.07046899452772551
1773820429.9024434,4.023272458968022,0.07087901084814384
1773820429.9373422,4.066175293349888,0.07129584232180249
1773820429.9706626,4.122221488289535,0.0717946393572971
1773820430.003024,4.174649514617974,0.07226353711856769
1773820430.0375988,4.231490835103253,0.07289085157446111
1773820430.0709808,4.282076759500439,0.07322530933785011
1773820430.1024408,4.330529753396893,0.07344896757813513
1773820430.138266,4.3849278090804,0.07357806030363412
1773820430.172389,4.437154197513968,0.07349949507814556
1773820430.2058518,4.474182294444075,0.07345910958045775
1773820430.2381513,4.526110662016536,0.07331502107162353
1773820430.2723703,4.582014222623191,0.07279456734456177
1773820430.302342,4.629133018087159,0.07222294025446183
1773820430.337824,4.685649987789622,0.07163306882707966
1773820430.371026,4.732088460718286,0.07100941643896139
1773820430.4032326,4.779144329617341,0.07023308873662637
1773820430.437898,4.834830662234935,0.06918314397097608
1773820430.4722462,4.892464363435643,0.06790025087418604
1773820430.502412,4.943624667286653,0.066805882848517
1773820430.5378194,4.993614601077593,0.0654692116828066
1773820430.5709493,5.041235744643729,0.06386889885730593
1773820430.602252,5.08741965730887,0.06246952537216827
1773820430.6376631,5.139464382144494,0.060867745476955816
1773820430.6708293,5.180339318485369,0.05951171235893475
1773820430.7029457,5.232427122917849,0.057793164710701964
1773820430.738308,5.291928859539339,0.05559075333221644
1773820430.772402,5.343354324398235,0.05376354305854864
1773820430.8055456,5.394392285909376,0.05197568492042547
1773820430.837601,5.4311366672829235,0.05043343427077008
1773820430.87071,5.473127937467576,0.04867486838288883
1773820430.903034,5.527048848374103,0.04636957819564104
1773820430.9373293,5.584719958919568,0.04375691075174408
1773820430.9707382,5.6418804428929255,0.04162615062373173
1773820431.0028725,5.689677061986607,0.03955380223184976
1773820431.0374556,5.742659019617372,0.036773807126581445
1773820431.0706525,5.791864124103712,0.03437640728619214
1773820431.1030362,5.840456809721748,0.03213210849654112
1773820431.1376038,5.892642431520359,0.029634876145776295
1773820431.1709015,5.947598741541615,0.026767288204927117
1773820431.203,6.0011815480418615,0.023968422742000194
1773820431.2372546,6.0535107659473875,0.021263477121826618
1773820431.272532,6.108320382514067,0.018266723878198297
1773820431.3058207,6.1437390150880375,0.016465087461168062
1773820431.3372998,6.182169238462703,0.014618185833649086
1773820431.372689,6.240897678052095,0.0113991301462152
1773820431.4059024,6.294751092148311,0.008927567868210336
1773820431.4380963,6.347294582371353,0.0071200874913991755
1773820431.4724405,6.401187914317889,0.004427708334311203
1773820431.5059958,6.454384645119971,0.001646952174769276
1773820431.5382268,6.48561010204812,0.0003056467379074293
1773820431.572356,6.525448084067089,-0.001612252964083077
1773820431.605606,6.584612791058583,-0.004310773119082023
1773820431.637868,6.6361679984723,-0.00654745437052125
1773820431.6724076,6.691627568545927,-0.00895212668693981
1773820431.7058008,6.742302144331154,-0.0111868020828267
1773820431.738327,6.792315021344982,-0.0131497069864749
1773820431.7724016,6.839774366943836,-0.014802484951356106
1773820431.8057966,6.887698975317693,-0.016638032947563716
1773820431.8380768,6.93938339620308,-0.018697988938298316
1773820431.8716931,6.993130726811251,-0.020366721740528382
1773820431.9030519,7.043563715124754,-0.021984091708170006
1773820431.9376647,7.0918462984051684,-0.02386583027316434
1773820431.9710264,7.138948638398807,-0.025541981353895047
1773820432.003259,7.184749440519411,-0.02699746543116569
1773820432.0374737,7.2332963128130405,-0.02853396710238536
1773820432.0706682,7.282951867355223,-0.02962781359259846
1773820432.105965,7.335031798719961,-0.03061159502304654
1773820432.1381702,7.384818792230198,-0.0316332713028061
1773820432.1723683,7.440843500865465,-0.03274442152967399
1773820432.2055273,7.4955874568378364,-0.033947494625001504
1773820432.2376869,7.544081388739417,-0.034974130477099914
1773820432.270929,7.595334500042382,-0.0359376736775703
1773820432.3031988,7.628381258472149,-0.036315501114420105
1773820432.3374004,7.668512480409732,-0.036618273177623166
1773820432.3727612,7.730423794462543,-0.036802729723534384
1773820432.405973,7.786216597958425,-0.03701970536498023
1773820432.4380724,7.840305105703456,-0.037326915621236446
1773820432.4723923,7.890190944906328,-0.0374897348280934
1773820432.505802,7.940454880107706,-0.037646874916915686
1773820432.5377247,7.977499208811598,-0.037750150234757786
1773820432.570912,8.032221487640808,-0.037598436640771137
1773820432.6030598,8.087354570546076,-0.03729294593009748
1773820432.63733,8.138664512178385,-0.036936028535068575
1773820432.670604,8.189591659170132,-0.03635839784106943
1773820432.7060368,8.227756288264626,-0.03577048872429143
1773820432.7381384,8.266138229990876,-0.03529658398561291
1773820432.7711766,8.324534312098802,-0.034426413466549746
1773820432.8053946,8.380462583167636,-0.03343237098373031
1773820432.8376718,8.433586907732044,-0.03260364538861689
1773820432.870806,8.483109007650713,-0.03148881385033908
1773820432.9061036,8.536833423609204,-0.030111287174011476
1773820432.9381292,8.571416761717868,-0.029209882768492366
1773820432.972378,8.613091338815545,-0.027780477108018124
1773820433.0055206,8.671996461973329,-0.025928971318928913
1773820433.0375402,8.723072035355932,-0.02460513632926041
1773820433.0708184,8.776319822813301,-0.02297402616897586
1773820433.1028168,8.825585091819034,-0.02150270968090592
1773820433.1381443,8.880413050091702,-0.019672969931179885
1773820433.1725588,8.929585151542634,-0.017750496266476054
1773820433.2059226,8.978462722027583,-0.0156181380378927
1773820433.2380793,9.02873894801046,-0.013273489866442476
1773820433.2724373,9.083875969846387,-0.010794748145752434
1773820433.3055885,9.137470738159472,-0.008583677031136168
1773820433.3377817,9.182695094673315,-0.006534383825126745
1773820433.3709712,9.230192911607531,-0.00425923131040622
1773820433.4032786,9.279653531941673,-0.001834308299265517
1773820433.4373446,9.33111039290859,0.0009595478316883565
1773820433.4705887,9.377934319308007,0.003629452559491261
1773820433.502835,9.424289804578933,0.006000018576988358
1773820433.537992,9.481300821969018,0.009068705539181368
1773820433.571298,9.53328048786146,0.011785988209357934
1773820433.605687,9.57504402184949,0.013863787416643101
1773820433.6378253,9.627099334522669,0.01648352488710201
1773820433.6712558,9.681989245121647,0.019135052960704512
1773820433.7054577,9.733654979671865,0.02179028575290866
1773820433.737675,9.783032685076765,0.024537100762475127
1773820433.7706294,9.832485726626741,0.026840485834268176
1773820433.803197,9.881712843236148,0.028782200876336737
1773820433.8377192,9.93346666124093,0.03126122353731032
1773820433.8711116,9.988240640520205,0.033742497675409606
1773820433.9057145,10.045620801583436,0.035882261180016375
1773820433.9377987,10.08253676033735,0.03750220881635889
1773820433.970909,10.12363685612083,0.03935335540906268
1773820434.0030327,10.17642050842511,0.04144585743928878
1773820434.0373769,10.228855848989603,0.04342873167998465
1773820434.070858,10.279812624948468,0.04538936479541919
1773820434.1029642,10.331963879872651,0.04694268835032846
1773820434.1382606,10.389754329851648,0.048436334634920676
1773820434.1724606,10.441607228205541,0.050205480662836546
1773820434.205608,10.49267274491812,0.05180861213596336
1773820434.237813,10.527835086547485,0.05257030380345317
1773820434.2711413,10.568824348618731,0.05348779555969196
1773820434.3031833,10.637571784166653,0.055056515199019905
1773820434.337472,10.687312575641412,0.055916827782346495
1773820434.3707652,10.734036013940816,0.05664623399468137
1773820434.4029903,10.78313584583509,0.05679396819232526
1773820434.4381008,10.835922113874407,0.05695114285670697
1773820434.4712741,10.885279069710146,0.057278718819223425
1773820434.505541,10.936427345067008,0.05710542085423446
1773820434.5375533,10.987010789555782,0.056938490638818264
1773820434.5707424,11.04103393949386,0.056955717716110785
1773820434.6060894,11.09899302417695,0.056607473894410155
1773820434.6383479,11.14692294818248,0.05623718150101759
1773820434.6725054,11.19878019909712,0.055707537491895776
1773820434.7058563,11.235145667733775,0.05517351576220584
1773820434.7383509,11.274622391356058,0.05446884939396938
1773820434.7725644,11.334698040215192,0.05328091365331101
1773820434.8060591,11.388677578331194,0.05215545785220236
1773820434.8380585,11.440432971355385,0.0509765583185766
1773820434.871358,11.490948481273016,0.049631371018096386
1773820434.9056246,11.543519247741731,0.04817786392218835
1773820434.9378066,11.58010264342024,0.04706933126543112
1773820434.971093,11.621925024158042,0.04555947015635892
1773820435.0030131,11.674541382234924,0.043611755884781035
1773820435.0375302,11.730033315376021,0.04154611567180732
1773820435.0708907,11.784359086611333,0.03925887390088633
1773820435.1031723,11.833551756201967,0.03695770953553057
1773820435.138474,11.888030118698845,0.03438295371506743
1773820435.1725917,11.937850235762626,0.03194218617906617
1773820435.2057846,11.987139831543612,0.029283342705665717
1773820435.2377553,12.036757660075288,0.026606929641930933
1773820435.2710087,12.090606840353955,0.023651530203672763
1773820435.303064,12.142876973132546,0.020429472916323632
1773820435.3384902,12.184987715168363,0.01751740764202755
1773820435.3726988,12.227306454989106,0.014435211066481653
1773820435.4030423,12.277435095306005,0.010450421539836097
1773820435.4377215,12.329990483538122,0.005749006257143875
1773820435.470959,12.382730951654297,0.001006364126901831
1773820435.5031443,12.435122158721104,-0.004289036013696385
1773820435.5374534,12.49120334995932,-0.010775416474735795
1773820435.5727518,12.54454875978103,-0.01784812240219671
1773820435.6059546,12.595312118052782,-0.025393029369318632
1773820435.637996,12.628639893021155,-0.030995682985570382
1773820435.6712635,12.668205055278266,-0.038012342924138735
1773820435.7056959,12.725884101611307,-0.049013316486058375
1773820435.7377114,12.778653704404906,-0.060132915142548225
1773820435.7708242,12.83332961125916,-0.07298980421220215
1773820435.802887,12.879764627352243,-0.08542742092781197
1773820435.8385556,12.932334691822845,-0.10090919563631918
1773820435.8727467,12.975459940474499,-0.11507212565728657
1773820435.905843,13.01885879559041,-0.12987405751845923
1773820435.9379249,13.070079997873975,-0.1486138614840914
1773820435.9710944,13.122344149467732,-0.16959624380311772
1773820436.003174,13.172722889649659,-0.19117173183372174
1773820436.0384424,13.22019299048172,-0.2134560619389962
1773820436.0705328,13.263928290270094,-0.23539551969292458
1773820436.1059234,13.298065011869054,-0.25376367577145775
1773820436.137987,13.331867178707515,-0.2727567414113305
1773820436.1714194,13.381045632268632,-0.3015347440183108
1773820436.2059467,13.428620393176391,-0.3314223322913221
1773820436.2381284,13.4724459736206,-0.3606998141707041
1773820436.2712374,13.511554996654878,-0.3885959445296842
1773820436.3056924,13.552474888365117,-0.4192189139228167
1773820436.3380647,13.579340655939246,-0.4409479133975775
1773820436.37129,13.609506664403625,-0.4664412735844669
1773820436.4055088,13.652141808061806,-0.5033802961373834
1773820436.437591,13.690528214911684,-0.5384872375684646
1773820436.4709766,13.729729817362816,-0.5763544799849595
1773820436.5053062,13.764263504223104,-0.6118091728096025
1773820436.5375392,13.796657279945071,-0.6465077223459096
1773820436.5708284,13.826896870366246,-0.6804889534898108
1773820436.6053646,13.857652131636074,-0.7174699813568087
1773820436.6383717,13.888569874562522,-0.7559215270064478
1773820436.67077,13.920317781592773,-0.7970505078780162
1773820436.7055411,13.953174130193407,-0.8429756387292446
1773820436.738084,13.97961338761935,-0.881553536865291
1773820436.7705252,14.005600432769953,-0.9214343764464008
1773820436.8027909,14.022602644181902,-0.9504328603513328
1773820436.8386617,14.043366493422292,-0.9858896687192532
1773820436.8707714,14.067110379917926,-1.0282296016832753
1773820436.9029896,14.087214836958502,-1.0673754036543899
1773820436.93836,14.106012873258045,-1.1063044545773206
1773820436.972732,14.131376750210203,-1.1603763205559905
1773820437.0058615,14.154660365635559,-1.2152159773665718
1773820437.0379312,14.17001052409673,-1.2547378503781885
1773820437.0713909,14.18645397790513,-1.2991465022899973
1773820437.103867,14.196817626107686,-1.3297758956425516
1773820437.1383758,14.208403571600762,-1.3664037663407178
1773820437.1705825,14.2227463952024,-1.4155224519719525
1773820437.2029467,14.235893843138166,-1.4652612391952498
1773820437.238308,14.249084864780501,-1.5210578658333334
1773820437.270526,14.25800304615759,-1.5652459857550727
1773820437.30593,14.267159887297632,-1.6153959375675062
1773820437.3380692,14.27194536655313,-1.6474525718579613
1773820437.3704326,14.27712390167756,-1.6839003939147692
1773820437.4056444,14.283395331240678,-1.7379659225232695
1773820437.4378643,14.28762575178376,-1.785903925944752
1773820437.4711103,14.2908140918647,-1.8357884171246681
1773820437.5059464,14.291940435284596,-1.8826226465932085
1773820437.538179,14.292561073220009,-1.9266766395364443
1773820437.5703256,14.292739688950464,-1.9705549347220674
1773820437.6059113,14.29125110076732,-2.0190420259065633
1773820437.6381967,14.289161305135666,-2.0600726621434253
1773820437.6712422,14.28627425204295,-2.108501366673161
1773820437.7057936,14.28104505605144,-2.159502823882152
1773820437.7377765,14.27681421025395,-2.1929777695209065
1773820437.7709172,14.271773853679955,-2.230018483836239
1773820437.8054934,14.263279123954396,-2.2784516980693534
1773820437.8384583,14.254759279234356,-2.3218614977640573
1773820437.8711011,14.245450337877342,-2.3666942673103906
1773820437.903229,14.234047797373435,-2.4131322779504356
1773820437.938586,14.219916416439618,-2.4644521231569727
1773820437.9709284,14.207423142175694,-2.506566342866691
1773820438.005852,14.192543170128761,-2.5524773056388153
1773820438.0379343,14.181211894156851,-2.5834873927564748
1773820438.0703528,14.168449717403249,-2.6178477567092497
1773820438.1059322,14.147796116234408,-2.668943997151824
1773820438.1383357,14.12628163180715,-2.7171979849772
1773820438.1705885,14.104047856481284,-2.765900655559576
1773820438.2057712,14.085960474939098,-2.8018347588817063
1773820438.2379093,14.068077102666047,-2.8359018620967316
1773820438.271057,14.045587909217543,-2.8780456265824266
1773820438.3057163,14.021338787612931,-2.9189868199010265
1773820438.3379571,13.996681066319708,-2.958794892856554
1773820438.3700316,13.972085720721244,-2.9980194549926495
1773820438.4037952,13.944696984680844,-3.038553412539865
1773820438.4379056,13.917630456470336,-3.077195966263537
1773820438.4678624,13.893582481996132,-3.111106905747375
1773820438.503255,13.870570064351622,-3.1421887696822983
1773820438.5385838,13.846734111665116,-3.174635572723329
1773820438.56857,13.818319776756425,-3.2134077175141025
1773820438.6029885,13.787287069051198,-3.2550288588015914
1773820438.6382563,13.75470155550975,-3.298262539591788
1773820438.6682947,13.727678327829276,-3.3335322782820707
1773820438.703675,13.695499968288608,-3.3753035656124664
1773820438.7383294,13.672507886083185,-3.405374864507328
1773820438.768472,13.650949693338724,-3.433987383053185
1773820438.8029718,13.616985592977661,-3.4803208794440916
1773820438.8379343,13.584185149214644,-3.5266846736816073
1773820438.8679192,13.55580689065289,-3.56728864527892
1773820438.9032397,13.525701047360217,-3.611171269694281
1773820438.938778,13.495855738388979,-3.6559974012804295
1773820438.9679806,13.473084232061991,-3.6911886686699997
1773820439.003621,13.44578011467504,-3.7354868732560376
1773820439.0382245,13.416975225044549,-3.784531467233371
1773820439.0698845,13.391235489506451,-3.830047645078157
1773820439.1037583,13.36394144738968,-3.8795202181375523
1773820439.1380177,13.339404608602653,-3.9263480642204915
1773820439.168046,13.318670527525805,-3.968267106702326
1773820439.2033763,13.299059223629774,-4.009866934120084
1773820439.2379174,13.2804374672368,-4.052749737708206
1773820439.26836,13.261287171828693,-4.098890374739847
1773820439.3029227,13.239636809448921,-4.152429249941675
1773820439.337907,13.218284318357913,-4.208614133480528
1773820439.3682559,13.202323670435401,-4.25360300639425
1773820439.4036367,13.184538729849828,-4.307179038385436
1773820439.4388812,13.168337954952696,-4.3609755807981525
1773820439.4687843,13.155691750975878,-4.407058910229556
1773820439.5031316,13.14568863240221,-4.446957603851916
1773820439.538679,13.13215918578597,-4.505610991648717
1773820439.5687535,13.12118922045896,-4.557523682358848
1773820439.602953,13.110667565954229,-4.612398127638859
1773820439.638823,13.100972126803976,-4.670948603536187
1773820439.6688166,13.09467429703002,-4.71433226346213
1773820439.702862,13.088152683484662,-4.765908316050332
1773820439.7388823,13.081687983962222,-4.826060864398279
1773820439.7710233,13.07689185742739,-4.8797784454457425
1773820439.8036823,13.073408143801704,-4.9348190962929
1773820439.83875,13.070960271052236,-4.9915706581923525
1773820439.8679006,13.069525487618373,-5.039001667120019
1773820439.9031563,13.068870371946707,-5.091197145601508
1773820439.938808,13.068911666312607,-5.144696135774703
1773820439.9682717,13.069491876705138,-5.190813668313831
1773820440.0035717,13.070914236784448,-5.245383583113251
1773820440.038063,13.073007088261713,-5.305473486380222
1773820440.0699637,13.07570291935519,-5.360007163392789
1773820440.1036868,13.078968307659421,-5.417951146399573
1773820440.1379664,13.082304036961414,-5.472559722292453
1773820440.1680317,13.08564307437018,-5.52081931959936
1773820440.2035058,13.089282772723106,-5.57393036497468
1773820440.23792,13.092851086726222,-5.625960029128791
1773820440.2678802,13.096256399260701,-5.672099641216005
1773820440.3032494,13.100272431860406,-5.726296771669604
1773820440.3386204,13.10462116986421,-5.788347288186008
1773820440.3687837,13.10868423304785,-5.844316959283345
1773820440.4034522,13.11333767727433,-5.909458104025529
1773820440.4388967,13.116701844573964,-5.96384480732691
1773820440.4679537,13.11928564893244,-6.009897049193724
1773820440.5031214,13.121813567605482,-6.055368477803246
1773820440.537832,13.1240466796135,-6.1023266253623785
1773820440.5680707,13.126400294185501,-6.158144960304742
1773820440.6036549,13.129138041569657,-6.220578372475706
1773820440.6380785,13.131845446226329,-6.281841331003091
1773820440.668386,13.133205992500974,-6.329547345426088
1773820440.7037275,13.134769747737574,-6.38679421191544
1773820440.7384393,13.135443820426538,-6.425317617702318
1773820440.7686472,13.135505133520448,-6.462936496048103
1773820440.8029802,13.135949592435129,-6.536757586659196
1773820440.8384397,13.13603250535391,-6.599141821563667
1773820440.868935,13.135606681107435,-6.652421522040119
1773820440.90362,13.135630697335971,-6.697614585551286
1773820440.938493,13.134584123034204,-6.744811008364569
1773820440.9685035,13.133526181376043,-6.79098321836521
1773820441.0038302,13.13201105996143,-6.843089675904747
1773820441.0387206,13.129557429448468,-6.899445064525963
1773820441.0699527,13.127601081799078,-6.950385707835957
1773820441.1031802,13.125098160575366,-7.004883932771679
1773820441.1385257,13.121859162100158,-7.059572714776796
1773820441.168527,13.1194581929799,-7.106295840990863
1773820441.2039673,13.11675778292698,-7.150616071372063
1773820441.2384188,13.113778914097729,-7.195887558945867
1773820441.2686853,13.110165120478133,-7.248401783185551
1773820441.3034217,13.105387865015615,-7.304316924768143
1773820441.3388093,13.100660954034716,-7.361709877487325
1773820441.3688724,13.096822155390884,-7.4086485021222686
1773820441.4032845,13.091456191981392,-7.4627420830515
1773820441.4388099,13.087632595784976,-7.502029412086947
1773820441.4687793,13.083899000871229,-7.538498521939963
1773820441.5032737,13.07628785458065,-7.608297926193696
1773820441.538537,13.070017593353974,-7.66769618513572
1773820441.5684397,13.064244163915829,-7.717596457393955
1773820441.603718,13.057940958342602,-7.772721765172185
1773820441.6386147,13.051893026064224,-7.827628038542279
1773820441.6712074,13.047228992991986,-7.86390605386058
1773820441.7036839,13.04201275561924,-7.904131548350355
1773820441.7385335,13.034673795343556,-7.9630144282072335
1773820441.76955,13.028523403485632,-8.013721719112993
1773820441.803403,13.02212360057254,-8.06963246005727
1773820441.8389254,13.015774470627852,-8.12520019094884
1773820441.8689709,13.010094484570121,-8.172485868397322
1773820441.9033046,13.005341432121508,-8.212556555738638
1773820441.9389248,12.999969634601158,-8.257379330993315
1773820441.96897,12.993459449534962,-8.310993855586778
1773820442.0033963,12.98676230202241,-8.368059269855266
1773820442.0381644,12.980169152076577,-8.426374757930729
1773820442.0727196,12.97406249746112,-8.482206315667295
1773820442.1031377,12.968779566819501,-8.531811233795509
1773820442.138687,12.96479249058826,-8.569975299808677
1773820442.1687312,12.961051376259979,-8.606578912196545
1773820442.2033088,12.953338591888583,-8.683524804948622
1773820442.2389448,12.947147170261285,-8.74373948415687
1773820442.2688196,12.94220857042223,-8.793581443006298
1773820442.3031785,12.937768580171717,-8.83773151152047
1773820442.338607,12.933116130329948,-8.884612349626686
1773820442.3685482,12.928901319698344,-8.930624734974257
1773820442.4040613,12.924217725682588,-8.982768486283865
1773820442.4382122,12.918945679129422,-9.041425303244598
1773820442.4726768,12.913926114473032,-9.10000421842753
1773820442.503343,12.909391882867197,-9.152409527424604
1773820442.5389187,12.904575543744155,-9.206983610398533
1773820442.5688922,12.900594557095113,-9.253627703720618
1773820442.603538,12.897392213095443,-9.295206902647788
1773820442.6382196,12.893651989389152,-9.33944654841126
1773820442.6681132,12.889021608905459,-9.3904402138856
1773820442.7034886,12.883951793575804,-9.452070239443442
1773820442.7390592,12.87832917226527,-9.515740783307708
1773820442.7681072,12.874450810490375,-9.558092801596384
1773820442.803475,12.869021155124864,-9.612458225874171
1773820442.838175,12.865050699751361,-9.648902751810025
1773820442.868423,12.860974840514388,-9.684370858086295
1773820442.9033065,12.851179398700108,-9.756234405346973
1773820442.9391263,12.842830914038219,-9.811858906406348
1773820442.968269,12.835884640696074,-9.856094419089466
1773820443.0038238,12.826813295605412,-9.906576388709784
1773820443.038227,12.817367389515374,-9.955422210933442
1773820443.0686207,12.810169844247334,-9.98705541742665
1773820443.1041338,12.800445465546385,-10.02746791639176
1773820443.1387236,12.785379730783697,-10.084376987425395
1773820443.1704469,12.772449492273093,-10.12721499994786
1773820443.2035348,12.75855008215482,-10.171166580592917
1773820443.2390184,12.742143485962135,-10.217555800254136
1773820443.2690666,12.72736982939979,-10.256442105575283
1773820443.3036988,12.714148576043234,-10.289955711264394
1773820443.3390958,12.698783164312301,-10.325879090827708
1773820443.3681796,12.680985181610106,-10.365788225364053
1773820443.4034503,12.658716312812256,-10.413037846296717
1773820443.438971,12.633647701901827,-10.460812256368326
1773820443.4685328,12.615189636657018,-10.494372496239015
1773820443.5036962,12.591702265647054,-10.535146506895778
1773820443.5386662,12.573297259138847,-10.564577378179518
1773820443.5686345,12.556248006328968,-10.591724219202195
1773820443.6041093,12.51921765067351,-10.648231505231857
1773820443.638693,12.488219119824718,-10.691752418317487
1773820443.669081,12.460572251351026,-10.729314512419213
1773820443.7033062,12.432698303459237,-10.76467510833599
1773820443.7387447,12.402551765916275,-10.801255482341272
1773820443.76864,12.380890834592622,-10.826117185301051
1773820443.8041186,12.352792567957131,-10.85674420251662
1773820443.8383594,12.319502132977796,-10.892208659182629
1773820443.8727524,12.283534466457452,-10.929267911223917
1773820443.9040635,12.249201191376105,-10.962233430836731
1773820443.9386659,12.216732537466777,-10.99191934254198
1773820443.9686172,12.187512989567383,-11.017519023780558
1773820444.0040834,12.155131786153435,-11.04378645861842
1773820444.0388262,12.122578291783844,-11.069615762775278
1773820444.0691319,12.089060894299365,-11.095202902063585
1773820444.1035664,12.046938728220477,-11.125867707631713
1773820444.1387067,12.002122455676828,-11.157064706346453
1773820444.1685603,11.971470336986195,-11.176407108675543
1773820444.2037408,11.93345954545663,-11.2002697616386
1773820444.2390358,11.890341085733743,-11.226038709545781
1773820444.2691724,11.85384957492807,-11.246319558780153
1773820444.3037472,11.81127756658479,-11.268814672304792
1773820444.3391616,11.765720170021398,-11.291017996054496
1773820444.3690495,11.726887912616874,-11.30930369944448
1773820444.4033518,11.691639660314435,-11.324523536879104
1773820444.4387388,11.653953262047855,-11.339851681773217
1773820444.4687414,11.618948150292958,-11.353949303036785
1773820444.504259,11.578379393616627,-11.36892072566154
1773820444.5384002,11.532703180585758,-11.384318172778773
1773820444.5682693,11.49242670425679,-11.397228523355848
1773820444.6037352,11.443994378028437,-11.41133520899782
1773820444.6391494,11.396357459978214,-11.423818812810234
1773820444.6692019,11.355562146771193,-11.43347898894955
1773820444.7037702,11.32233275122508,-11.440232562479073
1773820444.7384696,11.285599812875338,-11.447310942688041
1773820444.772626,11.236388326132959,-11.456152584301709
1773820444.804002,11.192570942948095,-11.463276675552788
1773820444.8382807,11.144195649136243,-11.469509559734764
1773820444.8684673,11.101992717334104,-11.47376361265041
1773820444.9041047,11.051967329169873,-11.477699944417811
1773820444.9383488,11.007798201912594,-11.480022161044161
1773820444.972633,10.962643199838556,-11.481332063309628
1773820445.004001,10.91574653158413,-11.481827036547552
1773820445.03872,10.863728164793557,-11.481281623685302
1773820445.0686486,10.81849783660366,-11.479777887619752
1773820445.104109,10.777864094223373,-11.477284063356041
1773820445.1384234,10.737446326157556,-11.474149231363786
1773820445.1727068,10.692076844063713,-11.469724076218446
1773820445.2041254,10.652061950733554,-11.464943058330626
1773820445.2386367,10.603400286782888,-11.457607108654283
1773820445.2702036,10.560228131018434,-11.450373237753322
1773820445.3041956,10.513821526466236,-11.44178978026726
1773820445.3383265,10.46661575782693,-11.431420679005557
1773820445.3725703,10.41954995962359,-11.420074075769412
1773820445.4036226,10.389955428943356,-11.41203590049224
1773820445.4383814,10.35288982071313,-11.401139360352229
1773820445.4684668,10.309944990859536,-11.388181577941234
1773820445.5040076,10.262079265103436,-11.372718664785234
1773820445.5384297,10.215759137527096,-11.355592416403601
1773820445.5684986,10.178830549020976,-11.340977012061773
1773820445.6043532,10.134390947725247,-11.322715298162892
1773820445.6393185,10.102017517430983,-11.307886090514202
1773820445.6686652,10.072920925496199,-11.294007528970173
1773820445.7042372,10.017709365728397,-11.267374127820702
1773820445.7388365,9.97457084131052,-11.244796480796929
1773820445.7686226,9.938433847899336,-11.224913545470985
1773820445.804497,9.896003855735488,-11.200470489747474
1773820445.8390281,9.855949004021591,-11.17565142490907
1773820445.8691146,9.830099419247096,-11.158246392817848
1773820445.9036386,9.798108920372341,-11.136316262799003
1773820445.939163,9.753957258435193,-11.105170250803742
1773820445.9691648,9.719387340823065,-11.079463722069917
1773820446.003486,9.680190976636762,-11.049158943405523
1773820446.0386615,9.642841910009375,-11.019092242766767
1773820446.0691316,9.610735935750615,-10.99239557165754
1773820446.1034844,9.577675139575554,-10.96426421968838
1773820446.138816,9.543241941067413,-10.93495169042396
1773820446.168835,9.509906035000517,-10.906609224760363
1773820446.204267,9.472521504420188,-10.873961878011496
1773820446.238432,9.434185410635644,-10.839943013329332
1773820446.2693045,9.39921550847606,-10.80877368000388
1773820446.3034298,9.360176555087872,-10.774270292245784
1773820446.3387806,9.321671006106328,-10.740769354819063
1773820446.368796,9.288344980042897,-10.712639877777296
1773820446.4041307,9.256185230508256,-10.68600847820279
1773820446.4389243,9.222608703394117,-10.659148726331305
1773820446.4691541,9.183961479818633,-10.629183079696256
1773820446.5035841,9.140467485261969,-10.596333654569442
1773820446.5390906,9.094240962232625,-10.562232975351506
1773820446.5689986,9.057262851170325,-10.535786444982445
1773820446.6033545,9.013506976673826,-10.505874085905699
1773820446.638833,8.979410548852966,-10.483907142445721
1773820446.668909,8.947447585272405,-10.464565400622957
1773820446.7038877,8.882750300525029,-10.42737502062279
1773820446.7393856,8.83225633234446,-10.399342263087682
1773820446.772409,8.78571024942869,-10.374774237357185
1773820446.8036933,8.742557726802346,-10.352778449025758
1773820446.8390818,8.692877894723946,-10.32877035876165
1773820446.868984,8.662156422235698,-10.314910350391289
1773820446.9042864,8.621387043628419,-10.297463029153809
1773820446.9388285,8.56409017362517,-10.2746782497716
1773820446.9689808,8.51552302954032,-10.257008587923885
1773820447.003633,8.45869723420602,-10.237831490872548
1773820447.0391593,8.405687557393001,-10.221245448135035
1773820447.0686753,8.360633524679278,-10.20803073969019
1773820447.1035197,8.321089386738699,-10.197182765877653
1773820447.1392071,8.277046908056992,-10.18625128860189
1773820447.1691597,8.225461635885594,-10.174603117233096
1773820447.2033744,8.167622672401341,-10.163142318472175
1773820447.238379,8.106759101595431,-10.152634510482718
1773820447.272431,8.053094057407808,-10.144771384786305
1773820447.3034525,8.00305813591972,-10.138593020291708
1773820447.3390167,7.951193890009472,-10.132737517865625
1773820447.3688848,7.906458109543262,-10.128413485373159
1773820447.4038,7.8551337203801355,-10.124561456894252
1773820447.4384103,7.803893221774837,-10.121683864957786
1773820447.468708,7.753630049438899,-10.11973437154846
1773820447.5040145,7.690649060335881,-10.118426151385979
1773820447.5393243,7.626008751107095,-10.118002992317878
1773820447.5724056,7.575621603202734,-10.118412424130938
1773820447.6034653,7.526404421553017,-10.119291228884121
1773820447.639099,7.467444944029098,-10.120831104216236
1773820447.6692128,7.418036409322322,-10.122654279026642
1773820447.7041106,7.36186013089947,-10.124499223329506
1773820447.7385843,7.301175292872797,-10.127174151398648
1773820447.7686093,7.24752515971222,-10.130278603441802
1773820447.8040056,7.189267733589384,-10.133493781379542
1773820447.8383958,7.132201778389135,-10.137085488877773
1773820447.8686948,7.094453081237052,-10.13998469323052
1773820447.9039955,7.046010645199099,-10.14295384762148
1773820447.938463,6.9870311279191695,-10.146116303486018
1773820447.9726048,6.92583305748829,-10.149445577862492
1773820448.003719,6.869093823940601,-10.152029728525555
1773820448.039039,6.810945809672231,-10.15429537788788
1773820448.0691664,6.76055870786263,-10.155985222041434
1773820448.1035993,6.720839057159611,-10.15724767014364
1773820448.1385329,6.676495341877946,-10.158559997664097
1773820448.1686904,6.618656132884568,-10.160238355438787
1773820448.2042787,6.554599386852706,-10.161455061346103
1773820448.2386045,6.491732280045784,-10.162140401969662
1773820448.268459,6.444446777794155,-10.162462572284753
1773820448.3039708,6.386294358933517,-10.161776901955161
1773820448.3393443,6.338185732295662,-10.16125564922763
1773820448.3723993,6.291124895886789,-10.16072008765827
1773820448.4034646,6.243242541339331,-10.159699584428424
1773820448.4388416,6.190135888629772,-10.158312680232667
1773820448.4689052,6.138754139202081,-10.156837803746406
1773820448.504445,6.077322465044263,-10.154255222190326
1773820448.538693,6.01741278296,-10.151134689468163
1773820448.568594,5.97516768224659,-10.149217853056335
1773820448.6043735,5.9227356196053185,-10.146108134558473
1773820448.6387966,5.860414964984351,-10.14190153191447
1773820448.6689863,5.807661603919289,-10.138418111223315
1773820448.7045503,5.769287232527099,-10.135324125666408
1773820448.7389615,5.726944141399766,-10.131981586859105
1773820448.7688537,5.672913364897913,-10.12721578285086
1773820448.8042326,5.6163080176803355,-10.121673180932056
1773820448.838829,5.561845832697717,-10.116120335202577
1773820448.8688047,5.511268595113604,-10.110455039948866
1773820448.9040315,5.451375729987336,-10.10361533172816
1773820448.939454,5.397588391099946,-10.097723443719019
1773820448.9727187,5.3463882000423375,-10.091348053298475
1773820449.0037878,5.31080008816411,-10.086819433318322
1773820449.0392096,5.265922661995553,-10.081293607180234
1773820449.072402,5.207828192834758,-10.07298810498159
1773820449.104122,5.157308490024946,-10.06538383070648
1773820449.1388023,5.101896467744902,-10.057435882146136
1773820449.168934,5.058692228758297,-10.051041452907393
1773820449.20434,5.006920994158557,-10.043421292382668
1773820449.2387273,4.946141661998285,-10.035057444242437
1773820449.2695384,4.893657020922622,-10.027353367888237
1773820449.3036363,4.85763058626292,-10.021659428016655
1773820449.3374631,4.816137716958774,-10.01559324661911
1773820449.3689044,4.760908270323041,-10.00754441769773
1773820449.4041815,4.7052741257056825,-9.999210774186281
1773820449.4374602,4.654485623032964,-9.992190321573545
1773820449.4696982,4.600357925923846,-9.984712190539518
1773820449.5039937,4.542032933508328,-9.976577444400855
1773820449.5393145,4.487831049433149,-9.969771530408805
1773820449.572443,4.436239797646555,-9.963389248689094
1773820449.6038837,4.396854021752564,-9.958700028558424
1773820449.6383536,4.35042939988589,-9.953536102712057
1773820449.6686633,4.298009216465533,-9.947853128448465
1773820449.7042713,4.237122088901462,-9.941757470665108
1773820449.7393124,4.1761202685668115,-9.93597922536739
1773820449.772642,4.117006880262186,-9.930195378102715
1773820449.8036919,4.06189536226038,-9.92517008449587
1773820449.8393593,4.009264535200483,-9.92101351003547
1773820449.8686984,3.9645108977502868,-9.917521944815762
1773820449.9040174,3.9201711844614984,-9.913980588379166
1773820449.938929,3.874553337753468,-9.910627986000224
1773820449.9688177,3.8198789130694726,-9.906911036530643
1773820450.0042062,3.7561559291824476,-9.90300341084901
1773820450.0389063,3.6922524997302024,-9.899447750671035
1773820450.0690336,3.647172338861777,-9.896991936229986
1773820450.10457,3.591331773537991,-9.893596665895249
1773820450.139025,3.541277734124276,-9.890709898006728
1773820450.1723566,3.4918257962616717,-9.888022004438517
1773820450.2044327,3.4365491610549403,-9.883898510826633
1773820450.2387667,3.380240147489767,-9.879682979410362
1773820450.2689636,3.330645030222706,-9.875754377522327
1773820450.3047097,3.2782440868062688,-9.870542601085505
1773820450.3391104,3.2273265770775343,-9.865347066602991
1773820450.3688881,3.1938679204123273,-9.861489777773821
1773820450.4042711,3.1503805821352673,-9.855617400679678
1773820450.4390767,3.0946388234936992,-9.84714306696211
1773820450.470733,3.04936906452198,-9.838892125133704
1773820450.503996,3.0020969766530925,-9.829489834163072
1773820450.5374131,2.957690173588605,-9.819256557188236
1773820450.5695126,2.9150995946358087,-9.808567275687345
1773820450.6048021,2.869232426536677,-9.796112953683222
1773820450.6387165,2.825491212431827,-9.783028321074207
1773820450.6688886,2.7925401444897284,-9.772550507329862
1773820450.7043734,2.7520996850912165,-9.758544353611
1773820450.7388437,2.7117874272538955,-9.743116570070017
1773820450.7688932,2.6774709540635966,-9.729480305798704
1773820450.8044808,2.632654195067823,-9.710361907392567
1773820450.8390574,2.581703557717392,-9.686489812906782
1773820450.8688865,2.5367909028248334,-9.665025046868061
1773820450.904254,2.493798932507914,-9.642961798355357
1773820450.9393218,2.4509113391831767,-9.619377862138304
1773820450.9724367,2.418069334290911,-9.600583565786001
1773820451.0045645,2.385044701307336,-9.580368978798344
1773820451.038918,2.3556189391345725,-9.560897972435129
1773820451.0688329,2.3292545088262817,-9.542861625120107
1773820451.1043541,2.2743994208095186,-9.504123214286816
1773820451.1388836,2.2298486925661423,-9.470559398421338
1773820451.1688066,2.210063259438349,-9.454673813707794
1773820451.2043514,2.1693562618385935,-9.421358989665885
1773820451.2388296,2.129765962648498,-9.386743825752276
1773820451.2688305,2.100612894473439,-9.360057373743635
1773820451.3042164,2.0657752026743497,-9.326870411213312
1773820451.3375804,2.03705685115626,-9.298223461679248
1773820451.3687212,2.0102968917100825,-9.270103455243214
1773820451.4037583,1.9753242123130428,-9.231994172636137
1773820451.439164,1.9423420094524222,-9.194559432033252
1773820451.469093,1.9194308974613024,-9.166607689348861
1773820451.5042746,1.88814617172198,-9.127457511928467
1773820451.5374465,1.8592209501702577,-9.089284553122672
1773820451.5694566,1.8359617538820936,-9.056402302372353
1773820451.6037576,1.811150515650289,-9.02007070251646
1773820451.6392975,1.782862363303597,-8.976151100812592
1773820451.6724885,1.7584841461545413,-8.935667993612197
1773820451.7046034,1.7380658931871693,-8.901067677219999
1773820451.738851,1.71597202043173,-8.86173480695913
1773820451.7688386,1.7013324002233818,-8.833282254462404
1773820451.804346,1.6772685495991653,-8.786586913943577
1773820451.8374226,1.6558870344057086,-8.740846913226353
1773820451.8695679,1.640975506726637,-8.705781608315025
1773820451.9039943,1.6243288975197612,-8.666392825071801
1773820451.939394,1.6079175450966638,-8.624249216536592
1773820451.9727035,1.5937206486940279,-8.58456660456198
1773820452.0037959,1.579727674330587,-8.543423716109091
1773820452.038135,1.5660507526634406,-8.499132164357004
1773820452.0724192,1.5535952673277114,-8.455004947762307
1773820452.104635,1.5421867463592098,-8.411532051008587
1773820452.139036,1.5309710895330138,-8.364702598553095
1773820452.1689453,1.5211939027404504,-8.319648386918315
1773820452.204305,1.5112939939131298,-8.26661402121218
1773820452.2376418,1.5039074844455096,-8.220461806899605
1773820452.2698076,1.497444243309515,-8.175012291324245
1773820452.304036,1.4939052144848295,-8.141621226661732
1773820452.3393447,1.4902823423882634,-8.102986154766901
1773820452.3725338,1.4855412221312216,-8.041635856600521
1773820452.4047384,1.483517077237162,-7.996720540625959
1773820452.43885,1.4822398441265296,-7.949505554595115
1773820452.4698367,1.4820889092851666,-7.909638678222939
1773820452.504572,1.4825628587045283,-7.86429950655228
1773820452.539307,1.4846404751876339,-7.826095854397153
1773820452.5725543,1.487433412169097,-7.7879125639382645
1773820452.604688,1.493083969366204,-7.719189868945815
1773820452.6392016,1.4996329148958998,-7.668663316697119
1773820452.6722832,1.5065834833097649,-7.621335965524526
1773820452.704392,1.5137721639906159,-7.577743679903243
1773820452.7388773,1.5223266391468564,-7.530656088630888
1773820452.769992,1.5301434674788943,-7.492171940678898
1773820452.8045113,1.540030707383332,-7.448603615959231
1773820452.8378072,1.5497647098486416,-7.411850899922281
1773820452.8723824,1.5611389338654669,-7.3725733781568685
1773820452.9041162,1.5788244913316742,-7.3154720554180255
1773820452.9394345,1.5974282651510294,-7.261705473584021
1773820452.972458,1.608786634274874,-7.231516196645058
1773820453.0047193,1.6255172246350729,-7.187019277830407
1773820453.0374367,1.644107211114708,-7.141879021262943
1773820453.0695186,1.661642510827989,-7.10281471808161
1773820453.104904,1.6818076644215725,-7.059347463116808
1773820453.1372902,1.700520092409745,-7.021825307204323
1773820453.1725676,1.722552030424575,-6.981332056098162
1773820453.204709,1.7412017660863177,-6.948060475446627
1773820453.2392726,1.7624330388465352,-6.9115738325966465
1773820453.272699,1.7872308783787039,-6.871244578204041
1773820453.3048902,1.8113152137900175,-6.832751582386163
1773820453.3391767,1.8384412131671952,-6.792407790935233
1773820453.372301,1.8663280008069885,-6.752903682669892
1773820453.4046016,1.8939994783900351,-6.714895165926012
1773820453.4377227,1.9183213451473973,-6.683468629309278
1773820453.4724376,1.9451957506098314,-6.6495309133686025
1773820453.5046344,1.9670047191320206,-6.623203257155607
1773820453.5388362,1.9915472805173313,-6.5942073084219786
1773820453.5698452,2.022348879636007,-6.557775681461835
1773820453.6039956,2.0533677797936982,-6.521809618346715
1773820453.6376019,2.0849793572432693,-6.486129178607537
1773820453.6696186,2.1160550893833436,-6.451588427120541
1773820453.704056,2.1498736938650644,-6.414403022758586
1773820453.7374735,2.1809448414970807,-6.379914586101944
1773820453.7697587,2.2109144798067852,-6.346200325530821
1773820453.8041244,2.2365546864998955,-6.3168672075502235
1773820453.8373547,2.26213578595291,-6.28680517857228
1773820453.869618,2.2981014086578333,-6.243982140321778
1773820453.9039447,2.3320978724840833,-6.202580174282177
1773820453.9393399,2.366700636126716,-6.159153956535477
1773820453.9724734,2.400387754493018,-6.115781425785925
1773820454.004695,2.432220680226231,-6.073215727732079
1773820454.039105,2.4602282136216,-6.034084670014174
1773820454.0724277,2.4876753340869593,-5.99422868428064
1773820454.1047118,2.506771567309905,-5.965313892312072
1773820454.139127,2.5286438699936604,-5.930909013999237
1773820454.1726177,2.55927842266451,-5.88041611207388
1773820454.2048213,2.5845856147861985,-5.8362238629238075
1773820454.2384334,2.61066272100955,-5.788297139805659
1773820454.2697873,2.6347249376182544,-5.742020464481065
1773820454.3042817,2.6602984412312765,-5.690257523864669
1773820454.3377013,2.6814231703926366,-5.645041971357661
1773820454.3698268,2.7011471016783157,-5.6003715853988165
1773820454.404201,2.7182339910779114,-5.559562768682364
1773820454.4373686,2.734386601376011,-5.518061999751402
1773820454.469598,2.753312579654555,-5.465412831635537
1773820454.5039318,2.771698655947386,-5.410198625805018
1773820454.5372505,2.788670585736803,-5.355579903876115
1773820454.5723386,2.80565524023948,-5.294901627788064
1773820454.604465,2.8199496796755463,-5.239056078158469
1773820454.637567,2.8302662641262892,-5.193865043210205
1773820454.6698027,2.8395723865513918,-5.14686996674191
1773820454.704304,2.8469915795410214,-5.10460967322212
1773820454.7377546,2.853821912957342,-5.061613509397053
1773820454.769886,2.8620303160938567,-5.001983205730532
1773820454.8040926,2.8686778009341594,-4.944669268999932
1773820454.839364,2.8735498161155104,-4.890099741004656
1773820454.8726542,2.877229143418388,-4.832563668608555
1773820454.9047563,2.8796495490466203,-4.776635309245616
1773820454.9390647,2.8810163792349797,-4.722917365980188
1773820454.9722242,2.8814576377361862,-4.669947290981109
1773820455.0044081,2.881426118905734,-4.6281855887882
1773820455.0376801,2.8810306348539214,-4.5819286450842815
1773820455.0723493,2.8799813181828995,-4.521894002897348
1773820455.104561,2.8784709320444692,-4.462630338002475
1773820455.1372545,2.876131926987691,-4.401744182411092
1773820455.1695912,2.8735954023006243,-4.342164031855799
1773820455.20424,2.870863350806318,-4.277951090424164
1773820455.2377007,2.86824548808582,-4.225285333303887
1773820455.2695837,2.8654429880416235,-4.173036896173732
1773820455.305102,2.863175907349777,-4.130296734951606
1773820455.3373027,2.8607441921140606,-4.087974130846001
1773820455.3727045,2.8570290024783986,-4.01672101459102
1773820455.4048345,2.8544213825430353,-3.958917192416582
1773820455.4391332,2.85196572224368,-3.9043515158458475
1773820455.472341,2.849419755403811,-3.844607766086104
1773820455.504596,2.8469481145073017,-3.7861653906476542
1773820455.5390036,2.8446654773818576,-3.7310132493260784
1773820455.57239,2.842744187056811,-3.676308086867438
1773820455.6044302,2.8418953855880926,-3.635483988938626
1773820455.6376634,2.840880101134101,-3.589461000683541
1773820455.6697545,2.840154528001693,-3.533256374371604
1773820455.7042985,2.8397656187573928,-3.4756588249218456
1773820455.7375853,2.839118862905067,-3.4197334227377008
1773820455.7723074,2.8393933236189985,-3.3575955686005283
1773820455.8040578,2.8395094700403836,-3.3010204985034592
1773820455.8377182,2.839790260197446,-3.2535726339379387
1773820455.8697007,2.84112880558578,-3.2060560367130755
1773820455.9047194,2.84220800918854,-3.165896195321628
1773820455.937485,2.8431105483125445,-3.125715689345818
1773820455.9698682,2.845661934906305,-3.0558922406358007
1773820456.004258,2.8478393328403904,-3.005427970506317
1773820456.0375159,2.8496289726886275,-2.959460201536705
1773820456.072677,2.852899252648993,-2.9018347221250704
1773820456.1047485,2.855923458532292,-2.850311884073216
1773820456.1391957,2.858854010545195,-2.7991171728021773
1773820456.169512,2.8622579866890394,-2.7531091851588534
1773820456.2042437,2.866294663793106,-2.697859819280167
1773820456.23751,2.8708580068402156,-2.64101837579846
1773820456.272659,2.876625678929224,-2.580424460803923
1773820456.3046405,2.8809799017397917,-2.53247833770719
1773820456.3380017,2.8863289134643084,-2.4809481170825523
1773820456.372381,2.891154972279554,-2.436737841449579
1773820456.405045,2.8955314862028234,-2.3928865299976003
1773820456.4376562,2.9015358416271857,-2.340257666741094
1773820456.4698749,2.907392872467194,-2.2909170982362728
1773820456.5046155,2.91396414494133,-2.2370167439926547
1773820456.5392308,2.9210884366919574,-2.1836256014264186
1773820456.572695,2.926309315992413,-2.143809285538854
1773820456.6048052,2.933464299038514,-2.089170991906125
1773820456.6390917,2.9415716476412084,-2.0299794929660746
1773820456.6695838,2.947577944942037,-1.985528235070178
1773820456.704295,2.954692423291084,-1.9329757161375791
1773820456.7375965,2.961442084671312,-1.883454104792114
1773820456.7724621,2.9683437396001437,-1.8313480613023956
1773820456.804713,2.975284866466757,-1.7786802919093647
1773820456.8378296,2.982832550751203,-1.722359522493535
1773820456.872433,2.9906220034046638,-1.663010899479579
1773820456.9050047,2.997158997739517,-1.6138256075746833
1773820456.9374049,3.0038328400531844,-1.563540700042446
1773820456.9725623,3.0098146937945582,-1.5154728372748283
1773820457.0052311,3.015360206585231,-1.469500556015959
1773820457.0393884,3.0216359937634825,-1.4158912618836323
1773820457.0724561,3.0273031058382993,-1.365599437920822
1773820457.1046433,3.0333669990109313,-1.3122041888508036
1773820457.1378708,3.039132884235397,-1.2588512798204154
1773820457.172224,3.0436541618986337,-1.2145355951005654
1773820457.2044468,3.048962271928933,-1.159121329463022
1773820457.237737,3.0542116353622335,-1.1013398180112484
1773820457.2723973,3.0593440856544794,-1.0463379021361967
1773820457.3050218,3.063878539939172,-0.9936240488941396
1773820457.3393893,3.067739872278161,-0.9426396128224623
1773820457.3725584,3.071197102440482,-0.892137755181387
1773820457.404744,3.07486002264661,-0.835992562927117
1773820457.4381127,3.0780307620812892,-0.7794492629278245
1773820457.4694629,3.0806664034511275,-0.7261148954828628
1773820457.50466,3.083849085476483,-0.6710351573605204
1773820457.5380743,3.0863934530872568,-0.6181416359184586
1773820457.5722325,3.0880638814298136,-0.572151380637773
1773820457.604777,3.0898341115174093,-0.5267156867556964
1773820457.6379998,3.0914054295706177,-0.47270118126807864
1773820457.6723588,3.092035637818816,-0.41906401755075484
1773820457.7049835,3.093117188259679,-0.3646226258692153
1773820457.7375822,3.094119898465363,-0.31157160294003317
1773820457.7696223,3.09418549740323,-0.2748414663547792
1773820457.8048432,3.0945889782253144,-0.21542816578620272
1773820457.8393652,3.0947573898939993,-0.15537412730738204
1773820457.8726466,3.094278775632807,-0.10420901834552072
1773820457.9049072,3.09362746086964,-0.05320182948682341
1773820457.9372895,3.0930987155815024,-0.02648555690911037
1773820457.9725797,3.0924444537652875,0.010155624291873335
1773820458.0050113,3.0921882974761163,0.02408270858698774
1773820458.0373845,3.091595956779279,0.0528826633345152
1773820458.0695462,3.0908989393026003,0.08188458547586942
1773820458.1049886,3.090287146711958,0.10992674034597588
1773820458.1383321,3.0895359086296494,0.1362593015222157
1773820458.1695416,3.0888338426301822,0.15682001142570615
1773820458.2049067,3.0881858045429733,0.18068844304782888
1773820458.2381508,3.0874170938587984,0.20566711745058464
1773820458.2695088,3.0866755761132185,0.22787362756923782
1773820458.3048937,3.0860150799560935,0.24837366190292565
1773820458.3394217,3.0849827243535817,0.27854627870344534
1773820458.3694735,3.0841406459009066,0.30326123580091907
1773820458.404881,3.083373003136983,0.3212243044586977
1773820458.4371412,3.0825258997327545,0.340974822597554
1773820458.4698513,3.081720318413475,0.36049641911524505
1773820458.5043702,3.080792911950359,0.3831149176019221
1773820458.5375037,3.0799235120512622,0.4037050840105947
1773820458.569717,3.0793890268995177,0.41593692534409976
1773820458.6052074,3.0785782695789323,0.43497416701826286
1773820458.6373935,3.0777676444866082,0.4520076041827275
1773820458.6697652,3.076894450333297,0.4698297940841345
1773820458.7044098,3.076065677374135,0.48816821256215914
1773820458.7376573,3.0752976781623715,0.5034049784507247
1773820458.771975,3.074600333826686,0.5180986227078288
1773820458.8044338,3.0740196204648607,0.531228760858309
1773820458.8377695,3.073330703814278,0.5454151148753135
1773820458.8721025,3.0726346218580063,0.5592491685497974
1773820458.9053202,3.071692416547414,0.5766007910402191
1773820458.9376051,3.071080687908806,0.5871510033182765
1773820458.9722986,3.070509229822945,0.598138225258228
1773820459.0043721,3.0698454800289823,0.6104676824645567
1773820459.0376394,3.0691997338325967,0.6215296598392619
1773820459.0696547,3.06864698823506,0.6315960407601957
1773820459.1044888,3.0682010256991976,0.6398464444517806
1773820459.137827,3.0677772530629763,0.6475193730151958
1773820459.1697745,3.0673769287086796,0.6543203122664449
1773820459.2050862,3.0669987482736767,0.6612705063173371
1773820459.237303,3.0664810532324496,0.6704088855017164
1773820459.272641,3.0660279135870714,0.6780448191775645
1773820459.304916,3.065666071620059,0.6845100593038896
1773820459.3371315,3.0654005158974984,0.6891990927906945
1773820459.3724065,3.0651121978547122,0.6941516563789812
1773820459.4046698,3.0648685702083984,0.6981507481962789
1773820459.4392793,3.0646401438644064,0.7019535375535019
1773820459.4724548,3.0644591034208237,0.7050698547294288
1773820459.5046608,3.064311431284429,0.7075414766447847
1773820459.5377586,3.0641848898407282,0.7095760874469985
1773820459.5698638,3.0640498419163866,0.7117850419538614
1773820459.6052628,3.064000989158996,0.7125588723315958
1773820459.6373289,3.063994246837501,0.7126712687134386
1773820459.6696,3.0639673975253388,0.713145163102817
1773820459.7045054,3.063976455245902,0.7129960147406054
1773820459.737948,3.0639596344959763,0.713289241020752
1773820459.7722316,3.0639544729980117,0.713397242533258
1773820459.805307,3.06396829770571,0.7131514539171305
1773820459.8373504,3.063956836724024,0.7133775279044922
1773820459.8697217,3.063977100341018,0.7130373624396653
1773820459.9051273,3.0639640342243446,0.7132764650949125
1773820459.9391758,3.0639586139889774,0.7133855977562134
1773820459.9725764,3.0639719429198826,0.7131634705673547
1773820460.0047288,3.063961408227184,0.7133551595237411
1773820460.0379326,3.0639828475078126,0.7129919284740982
1773820460.0723932,3.063968523381822,0.7132501544807528
1773820460.1047037,3.0639988950354913,0.7127392255023736
1773820460.1371522,3.063969943985427,0.7132420665505388
1773820460.1724918,3.063963278614577,0.7133697910146949
1773820460.204661,3.063976079191659,0.7131515731563849
1773820460.2378807,3.0639663404487454,0.7133304950264882
1773820460.2721317,3.0639884451583703,0.7129617339374679
1773820460.3055556,3.0639708390029816,0.7132683779739937
1773820460.3379796,3.0639661042319224,0.7133573347781005
1773820460.3720214,3.0639807952271356,0.7131104867510321
1773820460.405431,3.0639697781965616,0.713305157456678
1773820460.437045,3.0639671686526624,0.7133582584036102
1773820460.4724734,3.063977986823682,0.7131758463801563
1773820460.504751,3.063969721031073,0.7133237607251434
1773820460.5394146,3.0639883518377062,0.7130087212002337
1773820460.5694702,3.063975081320506,0.7132410474465221
1773820460.6046793,3.0639698263895627,0.7133375433921462
1773820460.6379137,3.063983744957425,0.7131050830305204
1773820460.6721766,3.0639738396541167,0.7132780771805478
1773820460.7053118,3.0639702971530474,0.7133435987849036
1773820460.7374084,3.0639800119097265,0.7131804590765078
1773820460.7696526,3.0639713664316686,0.7133324193313376
1773820460.804995,3.063984914984412,0.7131030071766533
1773820460.8374102,3.0639735081370647,0.7133027077179012
1773820460.8721282,3.0639903244941302,0.7130198142137053
1773820460.9046168,3.063977277141539,0.7132449959200047
1773820460.9380193,3.0639733752016194,0.7133153656397945
1773820460.9703557,3.063985074581977,0.7131189211939619
1773820461.004667,3.063976287106104,0.7132716069785295
1773820461.037164,3.063974260816865,0.7133100304645981
1773820461.069777,3.0639806484737115,0.7132029930335864
1773820461.1050406,3.063976533069864,0.7132758038444024
1773820461.1372147,3.0639883434571735,0.7130762772922665
1773820461.1704903,3.0639789981851586,0.713238163922464
1773820461.2047424,3.063976561574703,0.7132831218426672
1773820461.2372851,3.0639825897444415,0.7131820340814445
1773820461.2698343,3.0639785456528217,0.7132530076238436
1773820461.304536,3.063990537672382,0.713052119557259
1773820461.3370345,3.0639821193844496,0.7131962938203975
1773820461.3695045,3.063978540607198,0.7132594818012044
1773820461.4050784,3.06398555051985,0.7131421212942299
1773820461.4374409,3.0639796358984555,0.7132441747404837
1773820461.4695537,3.0639876162695607,0.7131102502545648
1773820461.505383,3.063983259667656,0.713185559185988
1773820461.535811,3.063980279664266,0.7132382608286605
1773820461.5702574,3.0639854173531487,0.713152184412448
1773820461.6045694,3.063981276141095,0.7132240623919014
1773820461.634785,3.0639873353150144,0.7131230176233663
1773820461.670228,3.063983753974279,0.7131846949922275
1773820461.7051473,3.0639820394926227,0.7132153221679183
1773820461.735251,3.0639861778648525,0.713146119081578
1773820461.7695417,3.063982780361779,0.713204905496269
1773820461.8054123,3.063989781017653,0.7130879429501337
1773820461.834617,3.063984185904511,0.7131831200448621
1773820461.8703375,3.0639834283287284,0.7131972908264124
1773820461.904758,3.063988022343862,0.7131204737948965
1773820461.9350917,3.063984319468103,0.7131838854167444
1773820461.9695866,3.063991261734623,0.7130682602074361
1773820462.0049355,3.06398676989571,0.7131445077010287
1773820462.0353608,3.063984669849383,0.7131807002590053
1773820462.070066,3.063990160419836,0.7130891332069283
1773820462.1054778,3.0639868840031332,0.7131449191433608
1773820462.1389136,3.0639851613175444,0.7131749087726167
1773820462.1705823,3.0639881422064383,0.713125223504863
1773820462.2048562,3.0639855955866344,0.7131687981693667
1773820462.2348814,3.063989587521023,0.7131022084297584
1773820462.2703545,3.063986456134533,0.7131554945830747
1773820462.3054962,3.063985897694503,0.7131656732061894
1773820462.3351479,3.063988400499182,0.7131240751414
1773820462.3699262,3.0639863254866944,0.7131594996771518
1773820462.4052684,3.0639910486506765,0.713081045594305
1773820462.4352994,3.0639873488405995,0.7131433014401903
1773820462.4695172,3.063986603383968,0.7131564626394373
1773820462.5052712,3.0639896990356976,0.7131050305876707
1773820462.5346036,3.0639872660318184,0.7131461434196504
1773820462.5704184,3.063992573708546,0.7130580069084776
1773820462.6048224,3.063988908255637,0.7131195581331051
1773820462.6348963,3.0639872090172853,0.7131484066249952
1773820462.6703055,3.0639907341918176,0.7130898644734774
1773820462.7045383,3.0639878368142135,0.7131386359183676
1773820462.7355447,3.0639918208787273,0.7130725307729958
1773820462.770146,3.063988671291697,0.7131253450249961
1773820462.805252,3.0639876700374478,0.7131425017827543
1773820462.8353362,3.063989748247624,0.7131079487250214
1773820462.8696015,3.0639879083269728,0.7131390418974815
1773820462.9055097,3.063991611712906,0.7130776250732861
1773820462.9348261,3.0639886325301,0.713127489217553
1773820462.9696841,3.063987996737489,0.7131384368250443
1773820463.0052583,3.063990515181838,0.7130966659922348
1773820463.0355895,3.0639886372350205,0.7131281805215289
1773820463.0704784,3.063988153253395,0.7131365669286779
1773820463.1047812,3.0639901059041463,0.7131042262860001
1773820463.135155,3.063988420746579,0.7131324873274896
1773820463.1704845,3.0639916113283046,0.7130796437296969
1773820463.2048798,3.0639893981903477,0.7131166491406772
1773820463.2375083,3.0639884016452688,0.7131334707458125
1773820463.2700942,3.0639899898699356,0.713107212296605
1773820463.304741,3.063988940091685,0.7131248315876568
1773820463.3349953,3.0639918797334618,0.7130762167049102
1773820463.369776,3.063989418402464,0.7131172150945817
1773820463.4050922,3.0639885939169647,0.7131311196259225
1773820463.4352918,3.063990021050661,0.7131075218378199
1773820463.4698126,3.0639886967233743,0.7131296837316148
1773820463.5049098,3.0639908590543423,0.7130938950896505
1773820463.5349157,3.063989254020263,0.7131206550275724
1773820463.570541,3.0639887366896983,0.7131294306592613
1773820463.6058497,3.0639902465742557,0.7131044561858607
1773820463.6346729,3.063988877284455,0.713127298036594
1773820463.6701107,3.063991119684298,0.7130902197973256
1773820463.7054226,3.0639893050921025,0.7131204192430749
1773820463.7355387,3.0639916895070303,0.7130809977924548
1773820463.7701216,3.0639896610632684,0.7131147204384303
1773820463.8055205,3.0639889547074515,0.7131265555620468
1773820463.8350015,3.0639901773879026,0.7131063418712269
1773820463.8697128,3.0639891980606104,0.7131226761263184
1773820463.9055197,3.0639890046547187,0.7131259994536819
1773820463.9356153,3.063989892765679,0.7131113198386502
1773820463.9702816,3.0639891607414214,0.7131235462799395
1773820464.005674,3.0639911237690862,0.7130911256916962
1773820464.0356586,3.0639897368636655,0.7131141388500513
1773820464.0706315,3.063989125585311,0.713124349961492
1773820464.104856,3.063990654321837,0.713099079797549
1773820464.13482,3.063989514590639,0.7131180178606754
1773820464.1701002,3.0639891147620464,0.713124722888912
1773820464.2055042,3.063990369094619,0.7131040150719034
1773820464.235709,3.063989315022235,0.713121511367804
1773820464.270307,3.0639911297854177,0.71309154457527
1773820464.30581,3.0639899122293657,0.7131117345130442
1773820464.3358192,3.0639892336538908,0.7131230193493029
1773820464.3701358,3.063990597283376,0.7131005112861187
1773820464.4058733,3.063989652486838,0.7131161826442798
1773820464.434988,3.0639913361276485,0.7130883773312953
1773820464.4699254,3.0639896624364993,0.713116094748297
1773820464.505283,3.0639892929325785,0.71312225993182
1773820464.5354195,3.063990310671142,0.7131054495299634
1773820464.570722,3.0639894048226575,0.7131204802096738
1773820464.605632,3.063990899045084,0.7130957897762569
1773820464.635663,3.063989495206868,0.7131190491455296
1773820464.6697683,3.0639892843286325,0.7131225806824333
1773820464.7051048,3.0639901857078793,0.7131076890525031
1773820464.7353835,3.063989457415244,0.7131197672508829
1773820464.7721703,3.0639892992529885,0.7131224267613226
1773820464.805625,3.0639899350432356,0.7131119420928059
1773820464.8349502,3.0639893451849574,0.7131217154537359
1773820464.8704855,3.063990361221361,0.7131049583461959
1773820464.9048643,3.0639897155437,0.7131156545699575
1773820464.9349544,3.0639893286810693,0.7131220714534171
1773820464.9705868,3.0639900371046647,0.7131104000943107
1773820465.00497,3.0639893886075678,0.7131211292037403
1773820465.0349882,3.0639901166470125,0.7131091408487288
1773820465.0706863,3.063989477975922,0.7131196992950809
1773820465.1050868,3.063990560665268,0.7131018874156556
1773820465.1351464,3.063989625121903,0.7131173199256892
1773820465.1697786,3.0639894011975293,0.7131210337177029
1773820465.2055001,3.0639902032439044,0.7131078625848731
1773820465.235477,3.0639895577063814,0.7131184960981621
1773820465.2698917,3.0639893943076917,0.7131212121062492
1773820465.3052254,3.063989924159791,0.7131125247615958
1773820465.3353636,3.063989506861865,0.7131193959727806
1773820465.3707805,3.0639904643997142,0.7131036963827705
1773820465.4052083,3.0639898077747834,0.7131144876377202
1773820465.4394288,3.063989516447699,0.7131192932173662
1773820465.4702456,3.063990249192033,0.7131072771307277
1773820465.5055125,3.0639895694830366,0.7131184523035824
1773820465.5353475,3.063990332833804,0.7131059346582401
1773820465.569921,3.0639896579459416,0.7131170297288614
1773820465.6052537,3.063989469506214,0.7131201397325115
1773820465.6353369,3.063989977739892,0.7131118084961842
1773820465.6707957,3.063989571686598,0.713118487099289
1773820465.7051256,3.0639894496248354,0.7131205073412834
1773820465.7393827,3.0639898213662264,0.7131144139328565
1773820465.7703922,3.0639894951030513,0.7131197799700507
1773820465.8058274,3.0639901400653757,0.7131092043463725
1773820465.8357832,3.0639896576176007,0.7131171288444177
1773820465.8701591,3.0639894701707053,0.7131202212715844
1773820465.9054601,3.0639899904929537,0.7131117047799268
1773820465.9354546,3.0639895694693076,0.7131186105922344
1773820465.9698753,3.063989461649029,0.713120392269994
1773820466.0052438,3.0639898273332014,0.7131144173612296
1773820466.035581,3.0639895294182655,0.7131193017579842
1773820466.070369,3.0639901248039703,0.7131095899094916
1773820466.10558,3.063989731319014,0.7131160132335574
1773820466.135675,3.0639894985147578,0.7131198346553331
1773820466.169822,3.0639899590380284,0.713112328145989
1773820466.2052531,3.0639896485856,0.7131174007946482
1773820466.2392747,3.063989503392863,0.7131197827034252
1773820466.2702377,3.0639898665644054,0.7131138721321899
1773820466.3054738,3.063989601709633,0.7131181899819754
1773820466.3354611,3.063990111212328,0.7131098847701501
1773820466.3699443,3.0639896399073834,0.7131176038508147
1773820466.4053323,3.0639894971409105,0.7131199295837432
1773820466.435242,3.0639897564273975,0.7131157078587625
1773820466.4705808,3.0639895302175555,0.7131194013124633
1773820466.5049007,3.063989948630341,0.7131125812299774
1773820466.5360224,3.063989655610903,0.7131173618413238
1773820466.5703788,3.0639895169836273,0.7131196354106577
1773820466.6049557,3.063989871728247,0.713113877375023
1773820466.639356,3.063989620732919,0.7131179626159546
1773820466.6703467,3.063989507321371,0.7131198136717006
1773820466.7055957,3.063989801675263,0.7131150403775183
1773820466.735692,3.063989560937841,0.7131189523716452
1773820466.7700562,3.0639895023388757,0.7131199124372412
1773820466.8057988,3.0639897298903858,0.7131162079969726
1773820466.8350453,3.0639895267882014,0.713119521535288
1773820466.8703396,3.0639898647336437,0.7131140460265859
1773820466.9057283,3.063989662558641,0.7131173361142352
1773820466.936124,3.06398950257207,0.7131199339628923
1773820466.9701781,3.0639896737422156,0.7131171701166686
1773820467.0056098,3.0639895219057847,0.7131196317927676
